Bud_Check,Username,screenname,content,tstamp,Buckets
1,The Athletic Mindset,AthleticMindset,The Best Super Bowl Ad Meter Winners Ever No. 7: Budweiser 2003 #AdMeter #Superbowl http://t.co/eeftEL1P,2013-01-23T14:25:52Z,1
1,niddyclub,niddyclub,Super Bowl Ad Meter countdown No. 7: Budweiser's zebra referee: Our panel of experts has ranked the Ad Meter cha... http://t.co/GVQUh3A1,2013-01-23T15:16:23Z,1
1,Sure Sport,suresport,Latest: Super Bowl Ad Meter countdown No. 7: Budweiser's zebra referee http://t.co/R7chSRLp #Sport,2013-01-23T15:17:20Z,1
1,News Collections,MrNgekk,Super Bowl Ad Meter countdown No. 7: Budweiser's zebra referee http://t.co/X7NVaDqi,2013-01-23T15:17:23Z,1
1,dumbwire,dumbwire,vox6 - Super Bowl Ad Meter countdown No. 7: Budweiser's zebra referee http://t.co/3TYnARN2 - Fresh News,2013-01-23T15:26:36Z,1
1,USA TODAY Sports RSS,USATSportsFeed,Super Bowl Ad Meter countdown No. 7: Budweiser's zebra referee http://t.co/CFsMg1r2,2013-01-23T16:17:34Z,1
1,Phil Kent,Tubaphil,I just voted for Budweiser ‚ÄúTeam Clydesdale‚Äù as Super Bowl's Greatest Commercial! Vote now! #budweiserteamclydesdale http://t.co/ac8cGfVR,2013-01-23T16:22:24Z,1
1,Wade Spruill,RealTallWolf,Anyone else feel like #BudLight predicted the #SuperBowl months ago with their odd commercial?,2013-01-23T19:21:10Z,1
1,Erin McGaughey,ErinLee_CCPR,"@target to skip #SuperBowl commercial spot, develops budget-friendly (and fun) alternative to game day hoopla! http://t.co/JX1fqNQr",2013-01-23T20:05:41Z,1
1,Alexander Matray,A_Matray,RT @ChipsNLaccavole: Can Budweiser make a commercial for next season in which a @Giants fan starts watching games from his lucky seat? I ...,2013-01-23T20:11:42Z,1
1,Linda ,lvh429,I just voted for Budweiser Superfan as Super Bowl's Greatest Commercial! Vote now!#budweisersuperfan http://t.co/d8dUqRa8,2013-01-23T20:14:54Z,2
1,Sprayberry Bottle ,Sprayberrybot,Bud Black Crown 6%abv launches at SBS. Multi Million Dollar campaign ad for Superbowl. Get it now before the... http://t.co/QnEosSJi,2013-01-23T20:38:25Z,2
1,FelicityRussellJones,CherryDare,Coca-cola's social media game for Super Bowl ad - the beauty of a big budget..! http://t.co/gJLlO1fG,2013-01-23T21:23:33Z,2
1,Becky Rotter,beckylicious152,I just voted for Budweiser Superfan as Super Bowl's Greatest Commercial! Vote now!#budweisersuperfan http://t.co/gceBsMYE,2013-01-23T23:33:19Z,2
1,stoops,benutty,Are the rumors that Budweiser cast Blue Ivy in their Super Bowl commercial true?,2013-01-23T23:35:20Z,2
1,teri debruyne,teridebruyne,I just voted for Budweiser Team Clydesdale as Super Bowl's Greatest Commercial! Vote now!#budweiserteamclydesdale http://t.co/XMC2zb7I,2013-01-23T23:38:05Z,2
1,Jonathan Gomez,JonathanGomez,"If Bud Light is not preparing another ""lucky seat"" commercial, during and after the Superbowl, than that is a marketing fail. #budlight",2013-01-24T01:34:29Z,2
1,Will Fyfe,Will_Fyfe8,That bud light commercial with the creeper Niners fan seems genius now. #superbowl,2013-01-24T02:46:36Z,2
1,King Beverage,KingBeverage,#SuperBowl commercial #Budweiser #Clydesdale donkey http://t.co/VPpOqPQN,2013-01-24T02:50:08Z,2
1,Ariana Sierra,Airy_Sierra,"Commercial: A woman walking but its zoomed into only her legs,wearing a short dress. And im trying to figure it out,budweiser, of course..",2013-01-24T03:22:30Z,2
1,Kyle Smart,smrty39,I've had just about enough of the fucking Budweiser beer league commercial #wegetitalready,2013-01-24T03:56:39Z,2
1,Jordon Patton,jpat93,I just voted for Budweiser Team Clydesdale as Super Bowl's Greatest Commercial! Vote now!#budweiserteamclydesdale http://t.co/8XWmxwdv,2013-01-24T04:04:32Z,3
1,Jordon Patton,jpat93,I just voted for Budweiser Superfan as Super Bowl's Greatest Commercial! Vote now!#budweisersuperfan http://t.co/8XWmxwdv,2013-01-24T04:04:43Z,3
1,YUNG A$$ IAN,SINCEPEGS,Umm just saw a commercial for a new type of Budweiser? Hopefully they've teamed to with Evan Williams and are now making beersky,2013-01-24T04:21:09Z,3
1,crystal giaccone,GiacconeCrystal,I just voted for Budweiser Team Clydesdale as Super Bowl's Greatest Commercial! Vote now!#budweiserteamclydesdale http://t.co/WzQksVAY,2013-01-24T07:35:13Z,3
1,crystal giaccone,GiacconeCrystal,I just voted for Budweiser Superfan as Super Bowl's Greatest Commercial! Vote now!#budweisersuperfan http://t.co/WzQksVAY,2013-01-24T07:40:43Z,3
1,I4U News,i4unews,Budweiser Black Crown Super Bowl 2013 Ad Teasers Relelased http://t.co/YccDzSEn - I4U News: Daily News and Trends for the Geek Mind.,2013-01-24T14:13:50Z,3
1,david vidu,Davidvidu,Budweiser Black Crown Super Bowl 2013 Ad Teasers Released: Anheuser-Busch will be again a major Su... http://t.co/McAxhSW8 #beer #cheers,2013-01-24T14:18:33Z,3
1,Sharon Swetokos,sharonswetokos,I just voted for Budweiser Team Clydesdale as Super Bowl's Greatest Commercial! Vote now!#budweiserteamclydesdale http://t.co/K4tMHM1i,2013-01-24T14:55:34Z,3
1,Balla Balla,ballaballaco,Super Bowl 2013 Ad for Budweiser Black Crown Released http://t.co/k5R93CIH - Balla Networks,2013-01-24T15:18:32Z,3
1,SPR Brew Crew,SPRBrewCrew,Bud debuting new Budweiser Black Crown with Super Bowl commercial http://t.co/x0YD0B4H,2013-01-24T15:35:43Z,3
1,Jax Beer Guy,JaxBeerGuy,Bud debuting new Budweiser Black Crown with Super Bowl commercial http://t.co/Fv6SxSbt,2013-01-24T15:35:44Z,3
1,Beerit,redditbeer,Bud debuting new Budweiser Black Crown with Super Bowl commercial http://t.co/xsaiUBIS,2013-01-24T16:22:58Z,4
1,Diane and Lisa,those2girls,Remember last year's @budweiser #Superbowl ad? http://t.co/IooXvAqJ,2013-01-24T16:24:55Z,4
1,Augorss News Digest,augorssAnalyst,"RT @AllAboutJXN: Super Bowl 2013 ads: Budweiser Black Crown lands first commercial spot, on sale today http://t.co/1VpFArZw",2013-01-24T16:54:10Z,4
1,Rorman Nigoli,stormiNswagoli,I just voted for Budweiser Superfan as Super Bowl's Greatest Commercial! Vote now!#budweisersuperfan http://t.co/eT1FFNyB,2013-01-24T17:40:10Z,4
1,SPR Brew Crew,SPRBrewCrew,Bud debuting new Budweiser Black Crown with Super Bowl commercial http://t.co/x0YD0B4H via @SPRBrewCrew,2013-01-24T17:55:56Z,4
1,Alice,BritinTaylor,I just voted for Budweiser Team Clydesdale as Super Bowl's Greatest Commercial! Vote now!#budweiserteamclydesdale http://t.co/yeOnYcDw,2013-01-24T19:35:03Z,4
1,KC La Pierre,PerfectHoof,"Spectacular! Budweiser has out done itself, its going to be a great commercial. Ironical I will be in France for... http://t.co/CeUYFQcJ",2013-01-24T19:40:51Z,4
1,KC La Pierre,PerfectHoof,"Spectacular! Budweiser has out done itself, its going to be a great commercial. Ironical I will be in France for... http://t.co/bqEUA0IQ",2013-01-24T19:40:52Z,4
1,Fernando N.,Kamex009,I just voted for Budweiser Team Clydesdale as Super Bowl's Greatest Commercial! Vote now!#budweiserteamclydesdale http://t.co/3t2XGx2X,2013-01-24T20:06:24Z,4
1,King Beverage,KingBeverage,Do you need to build #morale around the office? #SuperBowl commercial #BudLight http://t.co/TvzLUeOP,2013-01-24T20:10:55Z,4
1,Robyn ,rockynrobyn37,Do you need to build #morale around the office? #SuperBowl commercial #BudLight http://t.co/92IYgYOr,2013-01-24T20:10:55Z,4
1,Mr Meow ,MrMeowFelineSpa,RT @rockynrobyn37: Do you need to build #morale around the office? #SuperBowl commercial #BudLight http://t.co/gymUC1aW Fun stuff.,2013-01-24T20:14:37Z,5
1,Clydette Wantland,CWantland,I just voted for Budweiser Team Clydesdale as Super Bowl's Greatest Commercial! Vote now!#budweiserteamclydesdale http://t.co/KzFrnakv,2013-01-24T20:29:24Z,5
1,Andrew Kapanowski,acekap78,I just voted for Budweiser Team Clydesdale as Super Bowl's Greatest Commercial! Vote now!#budweiserteamclydesdale http://t.co/OpuQfkxa,2013-01-24T20:53:42Z,5
1,Andrew Kapanowski,acekap78,I just voted for Budweiser Superfan as Super Bowl's Greatest Commercial! Vote now!#budweisersuperfan http://t.co/OpuQfkxa,2013-01-24T20:54:33Z,5
1,King Beverage,KingBeverage,#SeparatedAtBirth #SuperBowl commercial #Budweiser http://t.co/iiW6Gpxo,2013-01-24T21:25:24Z,5
1,Robyn ,rockynrobyn37,#SeparatedAtBirth #SuperBowl commercial #Budweiser http://t.co/uH2rEOA0,2013-01-24T22:35:22Z,5
1,Stacey Evans,Staceyme06,My new Crown Royal Black Budweiser has its very own SUPERBOWL COMMERCIAL!! Rock on CRB Fam!! Love yall and yall love me!!,2013-01-24T23:31:51Z,5
1,Lindsay Mabry,5PlusAGame,Love how I just saw a commercial from Budweiser Black Crown with a release date of 2.3.13. It sitting on the shelves at my store now.,2013-01-25T01:37:13Z,5
1,Dirt Cheap Chicken,DirtCheapChickn,What is your favorite Bud Light #superbowl commercial? #stl,2013-01-25T02:35:27Z,5
1,Brandon Hamlin,BrandonHamlin,Just caught the Black Crown #Budweiser commercial. Spot on folks! Keep up all you do #AB.,2013-01-25T02:54:22Z,5
1,sheila weeks,sheilaweeks,Budweiser Black Crown Super Bowl 2013 Ad Teasers Released http://t.co/5DX4C9iX,2013-01-25T03:24:31Z,5
1,Erick,ohceeya,"Just when I'm starting to miss Sunday Night Football, Budweiser comes out with an awesome commercial.",2013-01-25T03:31:56Z,6
1,tina cellemme,tcrr9,I just voted for Budweiser ‚ÄúTeam Clydesdale‚Äù as Super Bowl's Greatest Commercial! Vote now! #budweiserteamclydesdale http://t.co/KZUen749,2013-01-25T03:56:45Z,6
1,Matthew Trinetti,trinetti,Have you Voted 4 Goat yet? My buddy Ben has a chance to air his #Doritos commercial during the Superbowl http://t.co/BaArapOF,2013-01-25T15:50:21Z,6
1,Just For Men Nick,JustForMenNick,Does anyone else wish #Budweiser would bring back #BudBowl ? I used to love that campaign. Commercial or two per quarter. #placeyourbets,2013-01-25T16:01:09Z,6
1,ExamineBooze,ExamineBooze,Budweiser to introduce Black Crown with Super Bowl commercial http://t.co/HGhRnt9g,2013-01-25T17:21:02Z,6
1,Laurie Valora,LaurieValora112,Joining @FritoLay & @Budweiser @GoDaddy has released its Super Bowl ad. Here's the clip: http://t.co/u2pHpdQi MT @USATODAY #AdMeter,2013-01-25T18:11:21Z,6
1,Rachael Kathryn Bell,RachaelKBell,"hey everyone! vote for my friend @ChrisDavid315 's Audi SuperBowl commercial ending entitled ""Buddies"": http://t.co/GWkbqk8k !",2013-01-25T18:35:15Z,6
1,AJTruitt,TruAlpha2,"BUDWEISER WASSUP ORIGINAL + PIZZA GUY. Its that tome again, What was your favorite commercial. http://t.co/5CkgbbWO",2013-01-25T18:55:32Z,6
1,savannah jayde,ssavannahjaydee,"RT @RachaelKBell: hey everyone! vote for my friend @ChrisDavid315 's Audi SuperBowl commercial ending entitled ""Buddies"": http://t.co/GW ...",2013-01-25T19:48:19Z,6
1,Meredith Michalojko,heyitsmeredith,"Make sure to vote for @ChrisDavid315 Audi commercial to air at the superbowl entitled ""Buddies"" http://t.co/5howtGFX",2013-01-25T20:04:43Z,6
1,Robyn ,rockynrobyn37,This #SuperBowl commercial is a favorite around our office. #BudLight #SwearJar http://t.co/lRXmzdaM,2013-01-25T20:05:34Z,6
1,King Beverage,KingBeverage,This #SuperBowl commercial is a favorite around our office. #BudLight #SwearJar http://t.co/jqaEKIUA,2013-01-25T20:10:22Z,7
1,JDH Online PR,jdhonlinepr,Social-Media Analysis: Pepsi-Bud Super Bowl Mashup Makes Sense - Ad Age Mobile http://t.co/v0Lb9TDr #socialmedia #pepsi #superbowl @1krown,2013-01-25T20:10:27Z,7
1,Chris David,ChrisDavid315,"RT @heyitsmeredith: Make sure to vote for @ChrisDavid315 Audi commercial to air at the superbowl entitled ""Buddies"" http://t.co/5howtGFX",2013-01-25T20:21:27Z,7
1,Blaine Rabalais,Blainerab,My Texas Bud Light Nola Superbowl ad with @joewillywalker @jackdwalker @ Lamberts Downtown Barbeque http://t.co/DmpmZaGX,2013-01-25T21:08:24Z,7
1,Shawn Streeton,sstreeton,@darrenrovell Good time on the ESPN Chat today...which companies are spending big on Super Bowl ads this year? Budweiser?,2013-01-25T21:13:23Z,7
1,TeamKauffmann,ThoughtsofDylan,As of now my cousin is in a Super Bowl commercial for Budweiser...daaaannnggg,2013-01-25T23:32:41Z,7
1,Alexandra Carpilio,al3xandral3igh,RT @NotGronkowski: #Budweiser contacted me to be one of their Clydesdales in a Super Bowl commercial,2013-01-25T23:49:53Z,7
1,King Beverage,KingBeverage,#SuperBowl commercial #Clothing Drive #BudLight http://t.co/BWQanJEK,2013-01-26T01:10:18Z,7
1,Robyn ,rockynrobyn37,#SuperBowl commercial #Clothing Drive #BudLight http://t.co/NyW9UGWg,2013-01-26T02:55:06Z,7
1,Robert Bosworth,happybozy,I added a video to a @YouTube playlist http://t.co/cMXbqt3m 2007 Budweiser Super Bowl Commercial Auction Wedding,2013-01-26T03:36:00Z,7
1,Robert Bosworth,happybozy,"I added a video to a @YouTube playlist http://t.co/gVn7T3G4 Bud Light 2008 Superbowl Commercial ""Birthday""",2013-01-26T03:48:12Z,7
1,Robert Bosworth,happybozy,I added a video to a @YouTube playlist http://t.co/peNaLAhn Budweiser Super Bowl commercial,2013-01-26T03:50:53Z,8
1,Jake Patterson,lowGravity96,Why is there a commercial for a Budweiser beer coming out in February when I've already had it,2013-01-26T04:25:22Z,8
1,J Smoooth ,Bigjules90,Im telling you guys right now the Superbowl budweiser commercial is gonna end up being a guy!!!,2013-01-26T04:26:07Z,8
1,Jon Gunnells,GunnSh0w,So this Budweiser Black Crown is slate for release on Feb. 3 per the commercial but I saw it at Kroger today. #beer,2013-01-26T04:29:37Z,8
1,Maddy Wooten,MissMaddyMad,"I added a video to a @YouTube playlist http://t.co/fuk7jDU0 Budweiser ""Eternal Optimism"" Superbowl Commercial",2013-01-26T07:34:33Z,8
1,Christine Eisner,comfort_living,"Bud Frogs, step aside. Here's my Superbowl Ad recc: http://t.co/QEXK8o2v. Enjoy!! ))) #fb",2013-01-26T15:29:04Z,8
1,Mark Hajdasz,Mcff2982Mark,I just voted for Budweiser ‚ÄúTeam Clydesdale‚Äù as Super Bowl's Greatest Commercial! Vote now! #budweiserteamclydesdale http://t.co/rccI2FpY,2013-01-26T16:18:51Z,8
1,MMANews1,fightingnews1,"#ufc Video: Anderson Silva, Budweiser Commercial For Super Bowl http://t.co/nTXTe9fs",2013-01-26T16:43:04Z,8
1,Anderson Silva,iSpiderAnderson,"Video: Anderson Silva, Budweiser Commercial For Super Bowl http://t.co/Yna2Iutm",2013-01-26T17:17:39Z,8
1,UFC Updates,UFC__Updates_,"Video: Anderson Silva, Budweiser Commercial For Super Bowl #UFC",2013-01-26T17:20:48Z,8
1,George,savoie0515,"RT @UFC__Info: Video: Anderson Silva, Budweiser Commercial For Super Bowl #UFC",2013-01-26T17:22:12Z,8
1,Donny LoveSeat,Couchd2,"RT @UFCinfo__: Video: Anderson Silva, Budweiser Commercial For Super Bowl #UFC",2013-01-26T17:46:59Z,9
1,Project DV,ProjectDV,"Budweiser sponsors the FA Cup, but doesn't have a football commercial #Lame",2013-01-26T18:20:37Z,9
1,Amanda Martinez,AmandaMMartinez,Shooting this commercial shoot for Budweiser today! üçª,2013-01-26T18:26:44Z,9
1,birmingham999,birmingham999,I just voted for Budweiser Superfan as Super Bowl's Greatest Commercial! Vote now!#budweisersuperfan http://t.co/h5KSzfiV,2013-01-26T19:05:39Z,9
1,birmingham999,birmingham999,I just voted for Budweiser Team Clydesdale as Super Bowl's Greatest Commercial! Vote now!#budweiserteamclydesdale http://t.co/h5KSzfiV,2013-01-26T19:05:56Z,9
1,ef.,ef_ocean,"if the 49ers win the superbowl, i'm giving all the credit to the fan from the bud light commercial who sat on the couch.",2013-01-26T19:18:16Z,9
1,Jerry Rosario,Jerry_Drama,RT @MMAmaniaNews: Video: @SpiderAnderson Silva Budweiser commercial for Super Bowl XLVII http://t.co/fHrd2Rzl,2013-01-26T20:31:52Z,9
1,UFC Live 3D,sports3d,Video: Anderson Silva Budweiser commercial for Super Bowl XLVII http://t.co/vJlSC3lb via @MMAmaniaNews,2013-01-26T20:34:29Z,9
1,MMA Tours,MMAtours,Video: Anderson Silva Budweiser commercial for Super Bowl XLVII http://t.co/aCb8mV3r,2013-01-26T20:34:30Z,9
1,Dream FC,dream_fc,Video: Anderson Silva Budweiser commercial for Super Bowl XLVII http://t.co/W68VC03x,2013-01-26T20:34:31Z,9
1,mma jabberjaw,mmajabberjaw,Video: Anderson Silva Budweiser commercial for Super Bowl XLVII http://t.co/mOZ63Lgi #ufc #mma,2013-01-26T20:36:02Z,9
1,MMA blog,blogMMA,Video: Anderson Silva Budweiser commercial for Super Bowl XLVII http://t.co/oV9KKfjM #ufc #mma,2013-01-26T20:59:33Z,10
1,Kane Smith,KaneSmi10859075,RT @blogMMA: Video: Anderson Silva Budweiser commercial for Super Bowl XLVII http://t.co/oV9KKfjM #ufc #mma,2013-01-26T21:01:40Z,10
1,ManmadeMag UFC,mmagUFC,#mma #ufc Video: Anderson Silva Budweiser commercial for Super Bowl XLVII... http://t.co/M2lHddLe,2013-01-26T21:05:37Z,10
1,Mikeybear,Mikeybear2009,RT @MMAmaniaNews: Video: @SpiderAnderson Silva Budweiser commercial for Super Bowl XLVII http://t.co/Fhwx1Ih6,2013-01-26T21:05:48Z,10
1,Anderson Silva,iSpiderAnderson,Video: Anderson Silva Budweiser commercial for Super Bowl XLVII http://t.co/ziIhukeY,2013-01-26T21:18:57Z,10
1,desharon,DFamnorf,Life..... Video: Anderson Silva Budweiser commercial for Super Bowl XLVII http://t.co/8xzCVhMm,2013-01-26T21:26:09Z,10
1,MMA Voltage,mmavoltage,Video: Anderson Silva Budweiser commercial for Super Bowl XLVII: UFC middleweight champion Anderson Silva shows ... http://t.co/DfPOskSE,2013-01-26T22:39:45Z,10
1,Brent Strider,Brent_Strider,The Best Super Bowl Ad Meter Winners Ever No. 7: Budweiser 2003: In at number seven in our all-time ranking of A... http://t.co/lsG4SSNn,2013-01-26T23:11:53Z,10
1,Josh Cullen‚Ñ¢ #NWM,THEREALJCULL,Its fucked up how theirs been a 49ers budlight superbowl.commercial all year and now they made it......,2013-01-26T23:43:55Z,10
1,Barb Wifi,BarbWifi,My 98 year old grandma said Budweiser is the best. Told her she should be on #SuperBowl commercial since she http://t.co/WNcV9EgB,2013-01-26T23:57:15Z,10
1,colbypalmquist,colbypalmquist,RT @THEREALJCULL: Its fucked up how theirs been a 49ers budlight superbowl.commercial all year and now they made it......,2013-01-26T23:57:50Z,10
1,GrownWomanStatus,HedesireMF,"Budweiser has to do better with this knee knocking commercial, seriously!!",2013-01-27T00:15:19Z,11
1,Deon Lewellen,deon1482,RT @davis161073: Video: Anderson Silva Budweiser commercial for Super Bowl XLVII http://t.co/vGwtbZts,2013-01-27T01:14:30Z,11
1,Mike Hopper,mikehopper5,That Budweiser commercial>,2013-01-27T02:05:10Z,11
1,Brad Wood,woodhana,"Aloha #BudLight Brilliant #Marketing 101 Get Rob to do a #superbowl commercial from his ""lucky seat man"", if San Fran wins. #49ers #woodhana",2013-01-27T02:17:03Z,11
1,Ceaser‚Ñ¢,that_kid_myles,That budweiser commercial>> lmao,2013-01-27T05:23:01Z,11
1,Joseph Haas NFL,Jerseyhaas,@budknocker that Superbowl ad makes her a downtown girl!!!,2013-01-27T05:42:57Z,11
1,Chip ,cfraz78,So I see the commercial says these dont come out till 2/3/13 hmmmmm I got it already y'all don't lol #budweiser http://t.co/5xdQ3vkp,2013-01-27T06:54:56Z,11
1,Clark Bar,ClarkBar72,"Budweiser just teased a Super Bowl commercial, fuckers know how to get me every time.",2013-01-27T15:22:56Z,11
1,Laurie Harrison,GrandmaSezSo,I just voted for Budweiser Superfan as Super Bowl's Greatest Commercial! Vote now!#budweisersuperfan http://t.co/okX7ATKo,2013-01-27T17:32:32Z,11
1,ON\WE,ONWE3,@j88ess tweet your reaction to #BudLight's superbowl AD next week and join ONWE's mission to improve tv commercials,2013-01-27T18:00:59Z,11
1,Ellen Altamirano,ellenaltamirano,Bud Light Starts Its #SuperBowl Ad Party Early on Social Media http://t.co/DtCO22OQ via @mashable #advertising #socialmedia,2013-01-27T18:46:20Z,11
1,Jackie Fonteyne,jackiefonteyne,Love how @DoritosUSA and Bud Light are having great success w/ #SocialMedia efforts for #SuperBowl ads! Talk about consumer engagement!,2013-01-27T19:11:44Z,12
1,Lavada Chim,Lavadaxs96,#BudLight Starts Its #SuperBowl Ad Party Early on Social Media http://t.co/Z99EE47p,2013-01-27T19:21:04Z,12
1,fucktec,fucktec,#BudLight Starts Its #SuperBowl Ad Party Early on Social Media http://t.co/QwHpH23a,2013-01-27T19:22:16Z,12
1,Anderson Silva,iSpiderAnderson,Video: Anderson Silva Budweiser commercial for Super Bowl XLVII http://t.co/M2Gdrmxm,2013-01-27T19:28:57Z,12
1,Aaron Andary,AaronAndary,"""Man you got a pretty voice, and I mean that!"" #budweiser #commercial #funny",2013-01-27T19:32:03Z,12
1,Mikou Hamza,HamzaMikou,#BudLight Starts Its #SuperBowl Ad Party Early on Social Media http://t.co/bwEVwxEQ,2013-01-27T19:36:17Z,12
1,Ryan Hopkins,NerdginGeneral,ATTENTION!#BudLight Starts Its #SuperBowl Ad Party Early on Social Media http://t.co/U889tyl7,2013-01-27T20:07:33Z,12
1,Calvin Chiplin,CalvinChiplin,@Boogie2988 a superbowl commercial? You're moving up in the world bud! Haha,2013-01-27T20:28:01Z,12
1,Harry Whitaker,Hwwhitaker,Bud Light is starting their Superbowl ad campaign early over social media #NewhouseSM4 http://t.co/NKSRgqZ6,2013-01-27T20:37:28Z,12
1,Carolyn Martin,cm_socialmedia,RT @Promotions_com Bud Light starts its Super Bowl ad party early on social media http://t.co/m7oF9dSx. #PCOM13 #SuperBowl #Facebook #SM,2013-01-27T21:02:33Z,12
1,jason springer,jason_springer,@BudLight Starts #SuperBowl Ad Party Early on #SocialMedia http://t.co/ExOneAjq via @Mashable #Facebook #Twitter #Youtube #Herewego...,2013-01-27T21:15:41Z,12
1,Yenni Vance,TechnologyBOOM,#sm #advertising #superbowl ‚Äú@mashsocialmedia: Bud Light Starts Its Super Bowl Ad Party Early on Social Media http://t.co/C6Qe1MR0‚Äù,2013-01-27T21:57:52Z,13
1,Kara Kennedy,KaraKennedy,Bud Light Starts Its Super Bowl Ad Party Early on Social Media via @mashable #superbowl #nfl http://t.co/JlkEgV01,2013-01-27T22:17:32Z,13
1,Carole O`Brien,GKRGirl,I just voted for Budweiser Team Clydesdale as Super Bowl's Greatest Commercial! Vote now!#budweiserteamclydesdale http://t.co/gbcLmazn,2013-01-27T23:09:09Z,13
1,Jen Crichton,JenCrichtonSTL,"Just in time for @SuperBowl, client @Budweiser launches its Twitter feed - asking fans to name the baby #Clydesdale in its #SuperBowl ad",2013-01-27T23:46:51Z,13
1,Scott Hoban,Demandrim,Just saw a commercial for Budweiser Black Crown saying it comes out 2-3-13. Ummmm.... #TweetsFromTheFuture http://t.co/bf5Cr3ue,2013-01-28T00:13:29Z,13
1,Forrst Knight,toptenseovideo,Video: Anderson Silva Budweiser commercial for Super Bowl XLVII http://t.co/Wo6EeQCv,2013-01-28T00:13:33Z,13
1,Greg Masto,GregMasto,Budweiser black crown..spoiler warning for that Super Bowl ad http://t.co/g6lWJjjO,2013-01-28T00:24:59Z,13
1,Sara Dayley ,sjdayley,RT @kyleweeks: .@budweiser releases picture of Clydesdale starring in new Super Bowl ad. Born Jan. 16. (cc: @photogal5) http://t.co/1w3CVVFc,2013-01-28T01:07:27Z,13
1,Judith Fiehler,JudyFiehler,RT @ksdknews: .@budweiser releases picture of Clydesdale starring in new Super Bowl ad. Born Jan. 16. http://t.co/mU0gWITt,2013-01-28T01:11:36Z,13
1,Erin Carr,EHawkes917,Adorable! RT @ksdknews: .@budweiser releases picture of Clydesdale starring in new Super Bowl ad. Born Jan. 16. http://t.co/a8rQNzWG,2013-01-28T01:30:50Z,13
1,John Shelby,JohnWShelby,‚Äú@ksdknews: .@budweiser releases picture of Clydesdale starring in new Super Bowl ad. Born Jan. 16. http://t.co/WQnhGeaI‚Äù #SuperBowl,2013-01-28T01:31:02Z,13
1,Jay Fitch,jfitch_21,What has this world come to. Budweiser has a commercial now to preview a commercial,2013-01-28T01:39:15Z,14
1,Matt Cannon,Cannon518,"Looks like Budweiser is teasing a Super Bowl ad with a mystery girl. Until revealed, she's Manti Te'o's girlfriend",2013-01-28T01:39:17Z,14
1,‚ô¶‚òÖPeanut Butter‚òÖ‚ô¶,ZakCookster,Budweiser - Wassup Funny Commercial Ads http://t.co/eWthxIU4,2013-01-28T01:39:18Z,14
1,Call Me Reese,Hayden_Reese,There's literally a Budweiser commercial thats sole purpose is advertising for the upcoming Super Bowl Budweiser commercial.. I'm done.,2013-01-28T01:49:35Z,14
1,Fulcher Agency,FulcherAgency,"Watch for @fulcheragency actors, Helios & Ian, in the Budweiser Superbowl commercial! http://t.co/O526u45k",2013-01-28T01:51:01Z,14
1,Katherine Hollar,katiehollar,Melting. ‚Äú@KrisKetz: RT @ksdknews: .@budweiser releases pic of Clydesdale starring in new Super Bowl ad. Born Jan. 16. http://t.co/GYfAkWUm‚Äù,2013-01-28T01:54:41Z,14
1,Thomas M Bingham,thomasbingham,The #SuperBowl has officially taken over #SocialMedia: Bud Light Starts Its Super Bowl Ad Party Early on SM. http://t.co/wnRm8QDw,2013-01-28T02:02:04Z,14
1,Melissa Lee,melissaslee,#BudLight Starts Its #SuperBowl #Ad Party Early on #SocialMedia http://t.co/Lma9SUEB via @mashable,2013-01-28T02:15:48Z,14
1,Diego,DaddyDeege,Just saw the commercial for the black #budweiser coming out in february...very few black beers I like so we'll see.,2013-01-28T02:24:41Z,14
1,Summer Bragg,SummerBragg1,I just voted for Budweiser Team Clydesdale as Super Bowl's Greatest Commercial! Vote now!#budweiserteamclydesdale http://t.co/eV5R0SgP,2013-01-28T02:37:53Z,14
1,Matthew Garrison,garrisonmtdds,RT @KrisKetz: RT @ksdknews: .@budweiser releases picture of Clydesdale starring in new Super Bowl ad. Born Jan. 16. http://t.co/9TQ0BkVC,2013-01-28T02:53:16Z,14
1,Roxi Baehl Likens,RoxiLikens,I just voted for Budweiser ‚ÄúSuperfan‚Äù as Super Bowl's Greatest Commercial! Vote now! #budweisersuperfan http://t.co/xUUNVeRV,2013-01-28T02:57:23Z,15
1,Ben Heyman,heyheyman,Bud Light Starts Its Super Bowl Ad Party Early on Social Media http://t.co/CBMEiqnc #socialmedia #social #BUNewMedia #superbowl,2013-01-28T03:00:46Z,15
1,Michelle D Krueger ,MichelleK1919,Budweiser Clydesdale commercial 2006 Super Bowl http://t.co/LMTa59nj,2013-01-28T04:01:22Z,15
1,Bonnie Tadlock,bonnyrabbit2,I just voted for Budweiser Superfan as Super Bowl's Greatest Commercial! Vote now!#budweisersuperfan http://t.co/npOuojzg,2013-01-28T04:07:20Z,15
1,Lefty Grove,GroveLefty,The #Budweiser #SuperBowl commercial using a week old #Clydesdale is just mean. #PETA,2013-01-28T04:34:10Z,15
1,Whitney Taryle,WTaryle,RT @ksdknews: .@budweiser releases picture of Clydesdale starring in new Super Bowl ad. Born Jan. 16. http://t.co/TaGypJ4T,2013-01-28T05:02:29Z,15
1,Ashley Hutto,aehutto1,Bud Light had so many great #superbowl ads in 90s. Hope they have a good one planned after all the #socialmedia prephttp://t.co/G1kLouUv,2013-01-28T05:07:10Z,15
1,LeeThom‚Ñ¢,ithomlee,Bud light commercial RT @EDIBLU: 2. Who you going for in the Superbowl?,2013-01-28T05:09:48Z,15
1,„ÄãYourRoyalFreshness„Ää,JonahPatrick,Bud light is one game away from predicting the superbowl winner with that commercial #Woah,2013-01-28T05:14:16Z,15
1,@Jurisprude,Jurisprude1,Funny Budweiser Clydesdales Superbowl Ad Hank the Clydesdale: http://t.co/WEK0uBqv via @youtube | The cutest Clydesdale ads ever!!! Love it!,2013-01-28T05:47:12Z,15
1,sangita joshi,joshsang,"but still, 4 mil! Bud Light Starts Its #SuperBowl Ad Party Early on #SocialMedia http://t.co/Sqz4eVxC via @mashable",2013-01-28T08:54:05Z,15
1,LATIN PAIN ,BicycleTony,RT @CedEntertainer: @USAToday reported that my 2001 Superbowl ad for Budlight were my date goes awry. Is ranked #4 of all Superbowl ads ...,2013-01-28T10:59:42Z,16
1,PandithNews,PandithNews,Bud Light Starts Its Super Bowl Ad Party Early on Social Media #BudLight #SuperBowl #AnheuserBusch http://t.co/QniIwktE,2013-01-28T11:26:49Z,16
1,Derek S. McCarty,D_Mccarty,@StephenAtHome & @jimmyfallon you going to battle to be next name of the Budweiser @Clydesdales star in #Superbowl ad http://t.co/OilqKZpZ?,2013-01-29T00:10:08Z,16
1,spaz!!!,glitteryniall,THE PITBULL BUDWEISER COMMERCIAL IS ON DALE IM LAFFING ALL THW WAY TO ETHIOPIA,2013-01-29T00:27:00Z,16
1,KathyGC,KathyGC4life,"Budweiser had a commercial for Bud w/lime and they yelled ""Summer is here!"" As I'm looking out my window @ a snowstorm. Summer is NOT here.",2013-01-29T00:36:49Z,16
1,Kyle Weeks,kyleweeks,.@budweiser releases picture of Clydesdale starring in new Super Bowl ad. Born Jan. 16. (cc: @photogal5) http://t.co/1w3CVVFc,2013-01-29T00:39:22Z,16
1,KSDK NewsChannel 5,ksdknews,.@budweiser releases picture of Clydesdale starring in new Super Bowl ad. Born Jan. 16. http://t.co/TaGypJ4T,2013-01-29T00:41:32Z,16
1,Kris Ketz,KrisKetz,RT @ksdknews: .@budweiser releases picture of Clydesdale starring in new Super Bowl ad. Born Jan. 16. http://t.co/9TQ0BkVC,2013-01-29T00:45:38Z,16
1,Victoria Neidigh,vneidigh,‚Äú@KrisKetz: @budweiser releases picture of Clydesdale starring in new Super Bowl ad. Born Jan. 16. http://t.co/QoLSCxE4‚Äù @neiDIGh_IT,2013-01-29T00:51:35Z,16
